"print type","direction","l_r_and_n_columns","left","right","both","side","abroad","direction_simple"
"print 1","in",14,FALSE,FALSE,TRUE,"both",FALSE,"in"
"print 2","in","left 11",TRUE,FALSE,FALSE,"left",FALSE,"in"
"print 2","in","right 11",FALSE,TRUE,FALSE,"right",FALSE,"in"
"print 3","in","left 9",TRUE,FALSE,FALSE,"left",FALSE,"in"
"print 3","out","right 9",FALSE,TRUE,FALSE,"right",FALSE,"out"
"print 4","in","left 10",TRUE,FALSE,FALSE,"left",FALSE,"in"
"print 4","out","right 8",FALSE,TRUE,FALSE,"right",FALSE,"out"
"print 5","in","left 9",TRUE,FALSE,FALSE,"left",FALSE,"in"
"print 5","out","right 9",FALSE,TRUE,FALSE,"right",FALSE,"out"
"print 6","out abroad",20,FALSE,FALSE,TRUE,"both",TRUE,"out"
"print 7","out","left 10",TRUE,FALSE,FALSE,"left",FALSE,"out"
"print 7","out","right 10",FALSE,TRUE,FALSE,"right",FALSE,"out"
"print 8","both",19,FALSE,FALSE,TRUE,"both",FALSE,"both"
"print 9","in","left 9",TRUE,FALSE,FALSE,"left",FALSE,"in"
"print 9","out","right 9",FALSE,TRUE,FALSE,"right",FALSE,"out"
"print 10","in","left 12",TRUE,FALSE,FALSE,"left",FALSE,"in"
"print 10","in","right 12",FALSE,TRUE,FALSE,"right",FALSE,"in"
"print 11","out?","left 10",TRUE,FALSE,FALSE,"left",FALSE,"out"
"print 11","out?","right 10",FALSE,TRUE,FALSE,"right",FALSE,"out"
"print 13a","in","left 11",TRUE,FALSE,FALSE,"left",FALSE,"in"
"print 13a","in","right 11",FALSE,TRUE,FALSE,"right",FALSE,"in"
"print 13b","in","left 11",TRUE,FALSE,FALSE,"left",FALSE,"in"
"print 13b","out","right 11",FALSE,TRUE,FALSE,"right",FALSE,"out"
"print 14","in","left 9",TRUE,FALSE,FALSE,"left",FALSE,"in"
"print 14","out","right 9",FALSE,TRUE,FALSE,"right",FALSE,"out"
"print 15","in","left 11",TRUE,FALSE,FALSE,"left",FALSE,"in"
"print 15","out","right 10",FALSE,TRUE,FALSE,"right",FALSE,"out"
"print 16","both",21,FALSE,FALSE,TRUE,"both",FALSE,"both"
"print 17","out",14,FALSE,FALSE,TRUE,"both",FALSE,"out"
"print 18","out","left 8",TRUE,FALSE,FALSE,"left",FALSE,"out"
"print 18","out","right 8",FALSE,TRUE,FALSE,"right",FALSE,"out"
"print 19","in","left 9",TRUE,FALSE,FALSE,"left",FALSE,"in"
"print 19","in","right 9",FALSE,TRUE,FALSE,"right",FALSE,"in"
"print 20","?","left 5",TRUE,FALSE,FALSE,"left",FALSE,"?"
"print 20","?","right 5",FALSE,TRUE,FALSE,"right",FALSE,"?"
"print 21","in","left 6",TRUE,FALSE,FALSE,"left",FALSE,"in"
"print 21","in","right 6",FALSE,TRUE,FALSE,"right",FALSE,"in"
"print 22","in","left 7",TRUE,FALSE,FALSE,"left",FALSE,"in"
"print 22","in","right 7",FALSE,TRUE,FALSE,"right",FALSE,"in"
"print 23","in","left 8",TRUE,FALSE,FALSE,"left",FALSE,"in"
"print 23","out","right 8",FALSE,TRUE,FALSE,"right",FALSE,"out"
"print 24","in","left 14",TRUE,FALSE,FALSE,"left",FALSE,"in"
"print 24","out","right 14",FALSE,TRUE,FALSE,"right",FALSE,"out"
"print 25","?",23,FALSE,FALSE,TRUE,"both",FALSE,"?"
"print 26","?",46,FALSE,FALSE,TRUE,"both",FALSE,"?"
"print 27","in","left 11",TRUE,FALSE,FALSE,"left",FALSE,"in"
"print 27","out","right 10",FALSE,TRUE,FALSE,"right",FALSE,"out"
"print 28","in","left 9",TRUE,FALSE,FALSE,"left",FALSE,"in"
"print 28","out","right 9",FALSE,TRUE,FALSE,"right",FALSE,"out"
"print 29","in","left 9",TRUE,FALSE,FALSE,"left",FALSE,"in"
"print 29","out","right 8",FALSE,TRUE,FALSE,"right",FALSE,"out"
"print 30","in","left 13",TRUE,FALSE,FALSE,"left",FALSE,"in"
"print 30","in","right 13",FALSE,TRUE,FALSE,"right",FALSE,"in"
"print 31","in","left 9",TRUE,FALSE,FALSE,"left",FALSE,"in"
"print 31","out","right 9",FALSE,TRUE,FALSE,"right",FALSE,"out"
"print 32","?",26,FALSE,FALSE,TRUE,"both",FALSE,"?"
"print 33","?",44,FALSE,FALSE,TRUE,"both",FALSE,"?"
"print 34","?",55,FALSE,FALSE,TRUE,"both",FALSE,"?"
"print 35","?",23,FALSE,FALSE,TRUE,"both",FALSE,"?"
"print 36","in","left 11",TRUE,FALSE,FALSE,"left",FALSE,"in"
"print 36","out","right 10",FALSE,TRUE,FALSE,"right",FALSE,"out"
"print 37","out","left 9",TRUE,FALSE,FALSE,"left",FALSE,"out"
"print 37","out","right 9",FALSE,TRUE,FALSE,"right",FALSE,"out"
"print 38","in","left 8",TRUE,FALSE,FALSE,"left",FALSE,"in"
"print 38","out","right 8",FALSE,TRUE,FALSE,"right",FALSE,"out"
"print 39","in","left 8",TRUE,FALSE,FALSE,"left",FALSE,"in"
"print 39","out","right 8",FALSE,TRUE,FALSE,"right",FALSE,"out"
"print 40","out","left 9",TRUE,FALSE,FALSE,"left",FALSE,"out"
"print 40","out","right 9",FALSE,TRUE,FALSE,"right",FALSE,"out"
"print 41","in","left 9",TRUE,FALSE,FALSE,"left",FALSE,"in"
"print 41","out","right 9",FALSE,TRUE,FALSE,"right",FALSE,"out"
"print 42","in","left 9",TRUE,FALSE,FALSE,"left",FALSE,"in"
"print 42","out","right 8",FALSE,TRUE,FALSE,"right",FALSE,"out"
"print 43","?",30,FALSE,FALSE,TRUE,"both",FALSE,"?"
"print 44","in","left 8",TRUE,FALSE,FALSE,"left",FALSE,"in"
"print 44","out","right 9",FALSE,TRUE,FALSE,"right",FALSE,"out"
"print 45","in","left 9",TRUE,FALSE,FALSE,"left",FALSE,"in"
"print 45","out","right 7",FALSE,TRUE,FALSE,"right",FALSE,"out"
"print 46","both",20,FALSE,FALSE,TRUE,"both",FALSE,"both"
"print 47","in","left 11",TRUE,FALSE,FALSE,"left",FALSE,"in"
"print 47","out","right 11",FALSE,TRUE,FALSE,"right",FALSE,"out"
"print 48","out","left 7",TRUE,FALSE,FALSE,"left",FALSE,"out"
"print 48","out","right 7",FALSE,TRUE,FALSE,"right",FALSE,"out"
"print 49","in","left 10",TRUE,FALSE,FALSE,"left",FALSE,"in"
"print 49","out","right 10",FALSE,TRUE,FALSE,"right",FALSE,"out"
"print 50","out","left 8",TRUE,FALSE,FALSE,"left",FALSE,"out"
"print 50","out","right 8",FALSE,TRUE,FALSE,"right",FALSE,"out"
"print 51","?",23,FALSE,FALSE,TRUE,"both",FALSE,"?"
"print 52","?",30,FALSE,FALSE,TRUE,"both",FALSE,"?"
"print 53","?",47,FALSE,FALSE,TRUE,"both",FALSE,"?"
"print 54","out","left 8",TRUE,FALSE,FALSE,"left",FALSE,"out"
"print 54","out","right 8",FALSE,TRUE,FALSE,"right",FALSE,"out"
"print 55","in","left 9",TRUE,FALSE,FALSE,"left",FALSE,"in"
"print 55","out","right 9",FALSE,TRUE,FALSE,"right",FALSE,"out"
