print type,side,sarakkeet
print 1,,"['kuukausi', 'päivä', 'nimi ja sääty', 'miespuoli', 'naispuoli', '(syntymä)päivä', '(syntymä)paikka', 'empty', 'leski, nainut, naimaton', 'elatuskeino', '(muuttokirjan)päivä', '(muuttokirjan)paikka', 'lehti kirkonkirjasta', 'muistutuksia']"
print 17,,"['kuukausi', 'päivä', 'muuttokirjan numero', 'nimi ja sääty', 'miespuoli', 'naispuoli', '(syntymä)päivä', '(syntymä)paikka', 'empty', 'leski, nainut, naimaton', 'elatuskeino', 'muuttopaikka', 'lehti kirkonkirjasta', 'muistutuksia']"
print 2,left,"['juokseva numero', 'muuttokirja sisäänannettiin(kuukausi)', 'muuttokirja sisäänannettiin(päivä)', 'merkitty pääkirjaan sivulle', 'sisäänmuuttaneitten sääty, nimi ja ammatti', 'mistä seurakunnasta muutettiin', 'muuttokirjan päivämäärä', 'numero', 'miespuolta', 'vaimopuolta', 'ilmoitusvastaanottamisesta']"
print 2,right,"['juokseva numero', 'muuttokirja sisäänannettiin(kuukausi)', 'muuttokirja sisäänannettiin(päivä)', 'merkitty pääkirjaan sivulle', 'sisäänmuuttaneitten sääty, nimi ja ammatti', 'mistä seurakunnasta muutettiin', 'muuttokirjan päivämäärä', 'numero', 'miespuolta', 'vaimopuolta', 'ilmoitusvastaanottamisesta']"
print 3,left,"['kuukausi', 'päivä', 'aleslin numero', 'tulleitten sääty ja nimi', '(ihmisluku)miespuolta', '(ihmisluku)naispuolta', 'mistä seurakunnasta on tullut', 'lehden numero kirkonkirjasta', 'huomattavia']"
print 3,right,"['kuukausi', 'päivä', 'aleslin numero', 'lähteneitten sääty ja nimi', '(ihmisluku)miespuolta', '(ihmisluku)naispuolta', 'mihin seurakuntaan on mennyt', 'lehden numero kirkonkirjasta', 'huomattavia']"
print 4,left,"['(muuttokirjain)nro', '(muuttokirjain)tuonti kuukausi', '(muuttokirjain)päivä', '(muuttokirjain)antoaika', 'mistä', 'mihinkä', 'tullettein sääty ja nimi', 'unknown column', '(henkilöluku)mp', '(henkilöluku)vp']"
print 4,right,"['(muuttokirjain)nro', '(muuttokirjain)anto aika', 'mistä', 'mihinkä', 'lähteneitten sääty ja nimi', 'unknown column', '(henkilöluku)mp', '(henkilöluku)vp']"
print 5,left,"['kuukausi', 'päivä', 'muuttokirjan n:o', 'tulleen henkilön sääty ja nimi', 'tulopaikka', 'syntymävuosi', 'miehenpuoli', 'vaimonpuoli', 'lehti rippikirjassa']"
print 5,right,"['kuukausi', 'päivä', 'muuttokiran n:o', 'lähtevän henkilön sääty ja nimi', 'lähtöpaikka', 'syntymävuosi', 'miehenpuoli', 'vaimonpuoli', 'lehti rippikirjassa']"
print 6,,"['kuukausi, jolloin muutto on tapahtunut', 'ristimä- ja sukunimi', '(sukupuoli)miespuoli', '(sukupuoli)naispuoli', 'syntymävuosi', '(sivilisääty)naimaton', '(sivilisääty)nainut', '(sivilisääty)leski', '(sivilisääty)erotettu', 'uskontokunta', 'empty', 'äitinkieli', '(sivistysaste)luku ja kirjoitustaitoinen', '(sivistysaste)ainoastaan lukutaitoinen', '(sivistysaste)ei lukutaitoinen', 'sääty, elinkeino eli ammatti', 'varallisuudentila, sikäli kuin se on tunnettu', 'maine', 'maa, jonne muutto ilmotettu tahi otaksutaan tapahtuneeksi', 'tunnettu eli todenmukainen syy poismuuttoon']"
print 7,left,"['juokseva numero', '(muuttokirjan päivämäärä)kuukausi', '(muuttokirjan päivämäärä)päivä', 'pääkirjan sivulta', 'poismuuttaneitten sääty, nimi ja ammatti', 'seurakunta, johon muutettiin', 'miespuolta', 'vaimopuolta', 'kuka muuttokirjan otti ulos', 'ilmoitus vastaanottopäivästä']"
print 7,right,"['juokseva numero', '(muuttokirjan päivämäärä)kuukausi', '(muuttokirjan päivämäärä)päivä', 'pääkirjan sivulta', 'poismuuttaneitten sääty, nimi ja ammatti', 'seurakunta, johon muutettiin', 'miespuolta', 'vaimopuolta', 'kuka muuttokirjan otti ulos', 'ilmoitus vastaanottopäivästä']"
print 8,,"['(muutto aika)kuukausi', '(muuttoaika)päivä', 'kirkonkirjan lehti', 'muuttaneen sääty ja nimi', '(syntymä)aika', '(syntymä)paikka', '(sisäänmuuttaneen)järjestys n:0', '(sisäänmuuttaneen(sukupuoli))miesp', '(sisäänmuuttaneen(sukupuoli))naisp', '(sisäänmuuttaneen)asevelvollisuus', 'empty', '(ulosmuuttaneen)järjestys n:0', '(ulosmuuttaneen(sukupuoli))miesp', '(ulosmuuttaneen(sukupuoli))naisp', '(ulosmuuttaneen)asevelvollisuus', 'mistä', '(tulleen muuttokirjan)anto aika', 'mihin', 'muistutuksia']"
print 9,left,"['kuu', 'päivä', 'muuttokirja nr:o', 'muuttaneiden nimi y. m.', 'sivu kirk. kirj.', 'mistä', 'muistutuksia', 'mp', 'vp']"
print 9,right,"['kuu', 'päivä', 'muuttokirja nr:o', 'muuttaneiden nimi y. m.', 'sivu kirk. kirj.', 'mihin', 'muistutuksia', 'mp', 'vp']"
print 10,left,"['juokseva numero', '(muuttokirja sisäänannettiin)kuukausi', '(muuttokirja sisäänannettiin)päivä', 'merkitty pääkirjaan sivulle', 'sisäänmuuttaneitten sääty, nimi ja ammatti', 'mistä seurakunnasta muutettiin', '(muuttokirjan päivämäärä)vuosi', '(muuttokirjan päivämäärä)kuukausi', '(muuttokirjan päivämäärä)päivä', '(muuttokirjan päivämäärä)numero', 'miespuolta', 'vaimopuolta']"
print 10,right,"['juokseva numero', '(muuttokirja sisäänannettiin)kuukausi', '(muuttokirja sisäänannettiin)päivä', 'merkitty pääkirjaan sivulle', 'sisäänmuuttaneitten sääty, nimi ja ammatti', 'mistä seurakunnasta muutettiin', '(muuttokirjan päivämäärä)vuosi', '(muuttokirjan päivämäärä)kuukausi', '(muuttokirjan päivämäärä)päivä', '(muuttokirjan päivämäärä)numero', 'miespuolta', 'vaimopuolta']"
print 11,left,"['månad', 'dag ', 'nummer', 'unknown column', '(de utflyttades antal)svenska församling', '(de utflyttades antal)svenska församling', '(de utflyttades antal)finska stads församling', '(de utflyttades antal)finska stads församling', '(de utflyttades antal)landsförsamling', '(de utflyttades antal)landsförsamling']"
print 11,right,"['månad', 'dag ', 'nummer', 'unknown column', '(de utflyttades antal)svenska församling', '(de utflyttades antal)svenska församling', '(de utflyttades antal)finska stads församling', '(de utflyttades antal)finska stads församling', '(de utflyttades antal)landsförsamling', '(de utflyttades antal)landsförsamling']"
print 13a,left,"['löpande nummer', '(flyttningsbetyget inlämnades)månad', '(flyttningsbetyget inlämnades)dag', 'annot i huvudboken pag', 'de inflyttades stånd, namn och yrke', 'från vilken församling inflyttningen skett', '(flyttningsbetygets)datum', '(flyttningsbetygets)nummer', 'mankön', 'kvinnkön', 'uppgift om emottagning']"
print 13a,right,"['löpande nummer', '(flyttningsbetyget inlämnades)månad', '(flyttningsbetyget inlämnades)dag', 'annot i huvudboken pag', 'de inflyttades stånd, namn och yrke', 'från vilken församling inflyttningen skett', '(flyttningsbetygets)datum', '(flyttningsbetygets)nummer', 'mankön', 'kvinnkön', 'uppgift om emottagning']"
print 13b,left,"['löpande nummer', '(flyttningsbetyget inlämnades)månad', '(flyttningsbetyget inlämnades)dag', 'annot i huvudboken pag', 'de inflyttades stånd, namn och yrke', 'från vilken församling inflyttningen skett', 'mihin', 'mihin', 'mankön', 'kvinnkön', 'uppgift om emottagning']"
print 13b,right,"['löpande nummer', '(flyttningsbetyget inlämnades)månad', '(flyttningsbetyget inlämnades)dag', 'annot i huvudboken pag', 'de inflyttades stånd, namn och yrke', 'från vilken församling inflyttningen skett', 'mihin', 'mihin', 'mankön', 'kvinnkön', 'uppgift om emottagning']"
print 14,left,"['löpande nummer', '(flyttningsbetyget datum)månad', '(flyttningsbetyget datum)dag', 'de utflyttades stånd, namn och hemvist', 'församling, dit utflytning skett', 'mankön', 'kvinnkön', 'mottagningsdatum']"
print 14,right,"['löpande nummer', '(flyttningsbetyget datum)månad', '(flyttningsbetyget datum)dag', 'de utflyttades stånd, namn och hemvist', 'församling, dit utflytning skett', 'mankön', 'kvinnkön', 'mottagningsdatum']"
print 15,left,"['(muuttokirjan)jättöaika', '(muuttokirjan)jättönumero', 'kirkonk. sivu jolle merkitty', 'muuttaneen nimi ja sääty', '(syntymä)aika', '(syntymä)paikka', 'mistä muuttanut', 'milloin muuttokirja on annettu ja sen n:o', 'miespuoli', 'naispuoli', 'ilmoituskortin päivämäärä ja numero']"
print 15,right,"['(muuttokirjan)antoaika', '(muuttokirjan)antonumero', 'kirkonk. sivu', 'muuttaneen nimi ja sääty', '(syntymä)aika', '(syntymä)paikka', 'mihin muuttanut', 'miespuoli', 'naispuoli', 'ilmoituskortin päivämäärä ja numero']"
print 16,,"['(muuttoaika)kuukausi', '(muuttoaika)päivä', 'kirkonkirjan lehti', 'muuttaneen sääty ja nimi', '(syntymä)aika', '(syntymä)paikka', '(sisäänmuuttaneen)järjestys n:0', '(sisäänmuuttaneen(sukupuoli))miesp', '(sisäänmuuttaneen(sukupuoli))naisp', '(sisäänmuuttaneen)asevelvollisuus', 'empty', '(ulosmuuttaneen)järjestys n:0', '(ulosmuuttaneen(sukupuoli))miesp', '(ulosmuuttaneen(sukupuoli))naisp', '(ulosmuuttaneen)asevelvollisuus', 'mistä', '(tulleen muuttokirjan)anto aika', '(tulleen muuttokirjan)n:o', 'mihin', 'milloin ilmoitus muuttokirjan jättämisestä ja kirkonkirjaan merkitsemisestä lähetetty, saapunut', 'muistutuksia']"
print 18,left,"['(muuttokirjain)n:ro', '(muuttokirjain)anto kuukausi', '(muuttokirjain)päivä', 'Mistä', 'Mihinkä', 'Lähteneitten sääty ja nimi', '(henkilöluku)mp', '(henkilöluku)vp']"
print 18,right,"['(muuttokirjain)n:ro', '(muuttokirjain)anto kuukausi', '(muuttokirjain)päivä', 'Mistä', 'Mihinkä', 'Lähteneitten sääty ja nimi', '(henkilöluku)mp', '(henkilöluku)vp']"
print 19,left,"['(muuttokirjain)n:ro', '(muuttokirjain)tuonti kuukausi', '(muuttokirjain)päivä', '(muuttokirjain)antoaika', 'mistä', 'mihinkä', 'tullettein sääty ja nimi', '(henkilöluku)mp', '(henkilöluku)vp']"
print 19,right,"['(muuttokirjain)n:ro', '(muuttokirjain)tuonti kuukausi', '(muuttokirjain)päivä', '(muuttokirjain)antoaika', 'mistä', 'mihinkä', 'tullettein sääty ja nimi', '(henkilöluku)mp', '(henkilöluku)vp']"
print 20,left,"['namn och ständ', 'kyrkobok n:o och pag', 'unknown', 'unknown', 'unknown']"
print 20,right,"['namn och ständ', 'kyrkobok n:o och pag', 'unknown', 'unknown', 'unknown']"
print 21,left,"['betygets nummer', 'de inflyttade personernas namn och ständ', 'mankön', 'qvinnkön', 'pag. i kyrkoboken', 'dageta när betyget inlemnades']"
print 21,right,"['betygets nummer', 'de inflyttade personernas namn och ständ', 'mankön', 'qvinnkön', 'pag. i kyrkoboken', 'dageta när betyget inlemnades']"
print 22,left,"['dag', 'n:r', 'de inflyttade personernas namn och ständ', 'mankön', 'kvinkön', 'pag. i kyrkoboken', 'anm.']"
print 22,right,"['dag', 'n:r', 'de inflyttade personernas namn och ständ', 'mankön', 'kvinkön', 'pag. i kyrkoboken', 'anm.']"
print 23,left,"['n:o', 'aika', 'kirkonkirjan sivu', 'muuttopaikka', 'muuttajan nimi ja sääty', 'syntymävuosi', 'miespuoli', 'naispuoli']"
print 23,right,"['n:o', 'aika', 'kirkonkirjan sivu', 'muuttopaikka', 'muuttajan nimi ja sääty', 'syntymävuosi', 'miespuoli', 'naispuoli']"
print 24,left,"['ordnings numme', 'namn och caractere', '(låsning)ur bok', '(låsning) ur minnet', 'begrepp', 'skriftskola', 'nattvardsgång', 'lefnad', 'ågtenskap', 'pagina i kyrkobok', 'hvarifrån kommen', 'betygets datum och af hvem utfårdar', '(antal personer)mankön', '(antal personer)qvinkön']"
print 24,right,"['ordnings numme', 'namn och caractere', '(låsning)ur bok', '(låsning) ur minnet', 'begrepp', 'skriftskola', 'nattvardsgång', 'lefnad', 'ågtenskap', 'pagina i kyrkobok', 'hvart flyttat', 'betygets datum och af hvem utfårdar', '(antal personer)mankön', '(antal personer)qvinkön']"
print 25,,"['unknown', '(födelse)år och datum', '(födelse)ort', 'kommen ifrån', 'koppor', '(läsning)i bok', '(läsning(utur minnet))abc bok', '(läsning(utur minnet))luth cat', '(läsning(utur minnet))hustaflan a. syiub', '(läsning(utur minnet))spörsmål', '(läsning(utur minnet))dav. ps.', '(läsning)förstår', 'vid läsförhör tillstädes', 'empty', '(nattvardsgång)18', '(nattvardsgång)18', '(nattvardsgång)18', '(nattvardsgång)18', '(nattvardsgång)18', '(nattvardsgång)18', '(nattvardsgång)18', 'anmärkningar', 'afgätt']"
print 26,,[]
print 27,left,"['n:o', '(muuttokirjan päivämäärä, milloin muuttokirja on)annettu', '(muuttokirjan päivämäärä, milloin muuttokirja on)tuotu', 'kirkonkirjan sivu', 'muuttaneitten sääty ja nimi', 'seurakunta, josta muuttaa', 'muuttokirjan numero', 'miehiä', 'naisia', 'ilmoitus vastaanottamisesta']"
print 27,right,"['n:o', 'muuttokirjan päivämäärä', 'kirkonkirjan sivu', 'muuttaneitten sääty ja nimi', 'seurakunta, johon muuttaa', 'miehiä', 'naisia', 'muuttokirjan ottaja', 'ilmoitus vastaanottopäivästä']"
print 28,left,"['n', '(päivä, jona muuttokirja on)annettn', '(päivä, jona muuttokirja on)tuotn', 'sääty ja nimi', 'paikka josta muutti', 'kirkonkirjan sivu', 'miehenp.', 'vaimonp.', 'muistutuksia']"
print 28,right,"['n', 'päivä', 'sääty ja nimi', 'kirkonkirjan sivu', 'kirkonkirjan sivu', 'paikka, johon muuttaa', 'miehenp.', 'vaimonp.', 'muistutuksia']"
print 29,left,"['n:o', 'unknown', 'päivämäärä', 'sääty ja nimi', 'mistä', 'unknown', 'mankön.', 'qvinkön.', 'anmärkningar']"
print 29,right,"['n:o', 'päivämäärä', 'sääty ja nimi', 'unknown', 'mihin', 'mankön.', 'qvinkön.', 'anmärkningar']"
print 30,left,"['datum', 'nummer', 'pagina i kyrkoboken', 'inflyttade år 18', '(födelse)år', '(födelse)ort', 'hvarifrån de inflyttat', '(attestets beskafferhet)bokläsning', '(attestets beskafferhet)frägd', '(attestets beskafferhet)nattvardsgång', '(attestets beskafferhet)äktenskap', 'mankön', 'qvinkön']"
print 30,right,"['datum', 'nummer', 'pagina i kyrkoboken', 'inflyttade år 18', '(födelse)år', '(födelse)ort', 'hvarifrån de inflyttat', '(attestets beskafferhet)bokläsning', '(attestets beskafferhet)frägd', '(attestets beskafferhet)nattvardsgång', '(attestets beskafferhet)äktenskap', 'mankön', 'qvinkön']"
print 31,left,"['järjestys n:ro', 'muuttokirja jätettiin', 'seurakunta, josta muutti', 'sivu kirkonkirjassa', 'muuttaneen ammatti ja nimi', 'asevelv. syntymäaika', 'miesp.', 'naisp.', 'muist.']"
print 31,right,"['muuttokirjan n:o', 'muuttokirja annettiin', 'seurakunta, johon muutti', 'sivu kirkonkirjassa', 'poismuuttaneen ammatti ja nimi', 'asevelv. syntymäaika', 'miesp.', 'naisp.', 'muist.']"
print 32,,"['nimi', 'miespuolta', 'naispuolta', '(syntymä)vuosi ja päivä', '(syntymä)paikka', 'paikka, josta tuli', 'rokko', 'äidinkieli', '(lukutauto)kirjasta', '(lukutaito)muistista', '(lukutaito)ymmärtää luetun', 'kirjoitustaito', 'ollut kinkerillä', 'empty', '(käynti herran ehtoollisella)18', '(käynti herran ehtoollisella)18', '(käynti herran ehtoollisella)18', '(käynti herran ehtoollisella)18', '(käynti herran ehtoollisella)18', '(käynti herran ehtoollisella)18', '(käynti herran ehtoollisella)18', '(käynti herran ehtoollisella)18', '(käynti herran ehtoollisella)18', '(käynti herran ehtoollisella)18', 'muistutuksia', 'lähtö']"
print 33,,[]
print 34,,[]
print 35,,[]
print 36,left,"['n:o', '(muuttokirjan vastaanotto)kuukausi', '(muuttokirjan vastaanotto)p.', '(muuttokirjan vastaanotto)n:o', 'muuttaneen nimi ja asema', '(asev.)synt. vuosi', '(asev.)ilm', 'sivu kirk. kirjassa', 'mp.', 'vp.', 'seurakunta, mistä muuttanut']"
print 36,right,"['n:o', '(muuttokirjan anto)kuukausi', '(muuttokirjan anto)p.', 'muuttaneen nimi ja asema', '(asev.)synt. vuosi', '(asev.)ilm.', 'sivu kirkon kirjassa', 'mp.', 'vp', 'seurakunta mihin muuttaa']"
print 37,left,"['(muuttokirjan)numero', '(muuttokirjan)kuukausi', '(muuttokirjan)päivä', 'pääkirjan sivu', 'nimi ja sääty', 'mihin muuttanut', 'miespuoli', 'naispuoli', 'ilmoituskortin päivämäärä']"
print 37,right,"['(muuttokirjan)numero', '(muuttokirjan)kuukausi', '(muuttokirjan)päivä', 'pääkirjan sivu', 'nimi ja sääty', 'mihin muuttanut', 'miespuoli', 'naispuoli', 'ilmoituskortin päivämäärä']"
print 38,left,"['kuukausi', 'päivä', 'tullettein sääty ja nimi', '(henkiluku)miehenpuolta', '(henkiluku)vaimonpuolta', 'mistä seurakunnasta on tullut', 'sivu kirkonkirjassa', 'muistutuksia']"
print 38,right,"['kuukausi', 'päivä', 'lähteneitten sääty ja nimi', '(henkilöluku)miehenpuolta', '(henkilöluku)vaimonpuolta', 'mihin seurakuntaan on mennyt', 'sivu kirkonkirjassa', 'muistutuksia']"
print 39,left,"['n:o', 'kuuk', 'p.', 'nimet ja sääty', 'muuttopaikka', 'kirkon kirjansivu', 'mp', 'np']"
print 39,right,"['n:o', 'kuuk', 'p.', 'nimet ja sääty', 'muuttopaikka', 'kirkon kirjansivu', 'mp', 'np']"
print 40,left,"['(muuttokirjan)järjestysnumero', '(muuttokirjan)antopävä', '(muuttajan)sääty ja nimi', '(muuttajan(kotipaikka)kylä', '(muuttajan(kotipaikka))n:o', '(muuttajan(sukupuoli))mp', '(muuttajan(sukupuoli))vp', 'paikka, johon muutto tapahtuu', 'kirjan ulosantajan nimi']"
print 40,right,"['(muuttokirjan)järjestysnumero', '(muuttokirjan)antopävä', '(muuttajan)sääty ja nimi', '(muuttajan(kotipaikka)kylä', '(muuttajan(kotipaikka))n:o', '(muuttajan(sukupuoli))mp', '(muuttajan(sukupuoli))vp', 'paikka, johon muutto tapahtuu', 'kirjan ulosantajan nimi']"
print 41,left,"['kuukausi', 'päivä', 'a test n', 'nimi ja sääty', 'seurak nimi josta on tullut', 'sivu kirk kirj', 'a? paikka', 'm.', 'v.']"
print 41,right,"['kuukausi', 'päivä', 'a test n', 'nimi ja sääty', 'a? paikka', 'sivu kirk kirj', 'seurak. nimi johon muuttaa', 'm.', 'v.']"
print 42,left,"['(muuttokirjan)n:o', '(muuttokirjan)tuontikuukausi', '(muuttokirjan)päivä', '(muuttokirjan)antoaika', 'mistä', 'mihin', 'tullettein sääty ja nimi', '(henkilöluku)mp', '(henkilöluku)np']"
print 42,right,"['(muuttokirjan)n:o', '(muuttokirjan)antoaika', 'mistä', 'mihin', 'lähteneitten sääty ja nimi', '(henkilöluku)mp', '(henkilöluku)np', 'milloin ilmoitus vastaanottamisesta saapunut']"
print 43,,"['namn och stånd', '(födelse)dag', '(födelse)år', 'vaccination', 'stafning och innanläsning', 'abc-boken', '(ur minnet D:r luthers lilla cateches med förklaring)1', '(ur minnet D:r luthers lilla cateches med förklaring)2', '(ur minnet D:r luthers lilla cateches med förklaring)3', '(ur minnet D:r luthers lilla cateches med förklaring)4', '(ur minnet D:r luthers lilla cateches med förklaring)5', '(ur minnet D:r luthers lilla cateches med förklaring)6', 'skriftens språk', 'först christ luran', 'bevistat cateclisni förhuren', 'blifvit addmitterad', '(begått h. h. nattvard)18', '(begått h. h. nattvard)18', '(begått h. h. nattvard)18', 'empty', '(begått h. h. nattvard)18', '(begått h. h. nattvard)18', '(begått h. h. nattvard)18', '(begått h. h. nattvard)18', '(begått h. h. nattvard)18', '(begått h. h. nattvard)18', '(begått h. h. nattvard)18', 'kommen från', 'afgång', 'födelseort utom församling, lysning, vigsel, frejd, veterligt lyte, m. m.']"
print 45,left,"['(muuttokirjain)n:o', '(muuttokirjain)tuontikuukausi', '(muuttokirjain)päivä', '(muuttokirjain)antoaika', 'mistä', 'mihinkä', 'tulleitten sääty ja nimi', '(henkilöluku)mp', '(henkilöluku)vp']"
print 45,right,"['(muuttokirjain)n:o', '(muuttokirjain)antoaika', 'mistä', 'mihinkä', 'lähteneitten sääty ja nimi', '(henkilöluku)mp', '(henkilöluku)vp']"
print 44,left,"['kuu', 'p:vä', 'n:o', 'henkilöiden nimi ja sääty', 'miespuolta', 'naispuolta', 'mistä muuttanut', 'kirkon kirjan sivu']"
print 44,right,"['kuu', 'p:vä', 'n:o', 'henkilöiden nimi ja sääty', 'miespuolta', 'naispuolta', 'mihin muuttanut', 'kirkon kirjan sivu', 'vastaanotto kuitti']"
print 46,,"['(muuttoaika)kuukausi', '(muuttoaika)päivä', 'kirkonkirjan lehti', 'muuttaneen sääty ja nimi', '(syntymä)aika', '(syntymä)paikka', '(sisäänmuuttaneen)järjestys n:0', '(sisäänmuuttaneen(sukupuoli))miesp', '(sisäänmuuttaneen(sukupuoli))naisp', '(sisäänmuuttaneen)asevelvollisuus', 'empty', '(ulosmuuttaneen)järjestys n:0', '(ulosmuuttaneen(sukupuoli))miesp', '(ulosmuuttaneen(sukupuoli))naisp', '(ulosmuuttaneen)asevelvollisuus', 'mistä', 'tulleen muuttokirjan antoaika', 'mihin', 'milloin ilmoitus muuttokirjan jättämisestä ja kirkonkirjaan merkitsemisestä lähetetty, saapunut', 'muistutuksia']"
print 47,left,"['(muuttokirjan sisäänjättö)aika', '(muuttokirjan sisäänjättö)unknown', '(muuttokirjan sisäänjättö)n:o', 'muuttaneiden sääty ja nimet', 'syntymävuosi', 'mistä muuttavat', '(mihin)taloon', '(mihin)sivulta k. k.', '(suku)m.p', '(suku)v.p', 'muistutuksia']"
print 47,right,"['(muuttokirjan ulosanto)aika', '(muuttokirjan ulosanto)n:o', 'muuttaneitten sääty ja nimet', 'syntymävuosi', '(mistä)talosta', '(mistä)sivulta k. k.', 'mihin muuttavat', '(suku)m.p', '(suku)v.p', 'muistutuksia']"
print 48,left,"['(muuttokirjain)n:o', '(muuttokirjain)antoaika', 'mistä', 'mihinkä', 'lähteneitten sääty ja nimi', '(henkilöluku)mp', '(henkilöluku)vp']"
print 48,right,"['(muuttokirjain)n:o', '(muuttokirjain)antoaika', 'mistä', 'mihinkä', 'lähteneitten sääty ja nimi', '(henkilöluku)mp', '(henkilöluku)vp']"
print 49,left,"['n:', 'de inflyttandes namn', 'betyget inlemn', 'kristendomskunskap', 'nattvardsgång', 'frejd', 'aktenskap', 'koppor', 'lyte', 'sidan i kyrkoboken']"
print 49,right,"['n:', 'de utflyttandes namn', 'betyget utgifv', 'kristendomskunskap', 'nattvardsgång', 'frejd', 'aktenskap', 'koppor', 'lyte', 'sidan i kyrkoboken']"
print 50,left,"['atest n:o', 'saatu', 'nimi ja sääty', 'mihin', 'sivun k. k.', 'm.', 'v.', 'muist']"
print 50,right,"['atest n:o', 'saatu', 'nimi ja sääty', 'mihin', 'sivun k. k.', 'm.', 'v.', 'muist']"
print 51,,"['unknown', 'född', 'född', 'unknown', 'i bok.', 'luth. catech.', 'svebl.förkl', 'unknown', 'unknown', 'unknown', 'unknown', 'unknown', 'unknown', 'unknown', 'unknown', 'unknown', 'unknown', 'unknown', 'unknown', 'unknown', 'unknown', 'unknown', 'unknown']"
print 52,,[]
print 53,,[]
print 54,left,"['år och månad', 'dag', 'betygets nummer', 'de utflyttade personernas namn och stånd', 'pag. i kyrkoboken', 'mankön', 'qvinnkön', 'flyttet till']"
print 54,right,"['år och månad', 'dag', 'betygets nummer', 'de utflyttade personernas namn och stånd', 'pag. i kyrkoboken', 'mankön', 'qvinnkön', 'flyttet till']"
print 55,left,"['(muuttokirjan)n:o', '(muuttokirjan)n:o', '(muuttokirjan(saapumis))päivä', '(muuttokirjan)antoaika', 'mistä', 'mihin (kirk.k. sivu)', 'tullettein nimi ja sääty', '(henkilöluku)mp.', '(henkilöluku)np.']"
print 55,right,"['(muuttokirjan)n:o', '(muuttokirjan)n:o', '(muuttokirjan(saapumis))päivä', 'mistä(kirk.k. sivu)', 'mihin', 'lähteneitten nimi ja sääty', '(henkilöluku)mp.', '(henkilöluku)np.', 'ilmoitus vastaanottamisesta saapunut']"
